{"cameraMode":{"drawMode":0,"name":"Shaded","section":"Shading Mode"},"sceneLighting":false,"audioPlay":false,"sceneViewState":{"m_AlwaysRefresh":false,"showFog":false,"showSkybox":false,"showFlares":false,"showImageEffects":false,"showParticleSystems":false,"showVisualEffectGraphs":true,"m_FxEnabled":true},"in2DMode":false,"pivot":{"x":0.6313372850418091,"y":0.5728520154953003,"z":-0.6028417944908142},"rotation":{"x":0.16432040929794312,"y":-0.6011870503425598,"z":0.12741385400295258,"w":0.7719525098800659},"size":1.7928476333618165,"orthographic":false}