{"cameraMode":{"drawMode":0,"name":"Shaded","section":"Shading Mode"},"sceneLighting":false,"audioPlay":false,"sceneViewState":{"m_AlwaysRefresh":false,"showFog":false,"showSkybox":false,"showFlares":false,"showImageEffects":false,"showParticleSystems":false,"showVisualEffectGraphs":true,"m_FxEnabled":true},"in2DMode":false,"pivot":{"x":0.041252922266721728,"y":0.8792888522148132,"z":0.08429861068725586},"rotation":{"x":-0.011996072717010975,"y":-0.9878717064857483,"z":0.10202085226774216,"w":-0.11699876934289932},"size":1.1239686012268067,"orthographic":false}