{"cameraMode":{"drawMode":0,"name":"Shaded","section":"Shading Mode"},"sceneLighting":false,"audioPlay":false,"sceneViewState":{"m_AlwaysRefresh":false,"showFog":false,"showSkybox":true,"showFlares":true,"showImageEffects":true,"showParticleSystems":true,"showVisualEffectGraphs":true,"m_FxEnabled":true},"in2DMode":false,"pivot":{"x":164.5549774169922,"y":39.74608612060547,"z":127.54027557373047},"rotation":{"x":-0.010352637618780136,"y":-0.6201488971710205,"z":0.008189035579562188,"w":-0.7843813300132752},"size":18.372522354125978,"orthographic":false}