{"cameraMode":{"drawMode":0,"name":"Shaded","section":"Shading Mode"},"sceneLighting":true,"audioPlay":false,"sceneViewState":{"m_AlwaysRefresh":false,"showFog":true,"showSkybox":true,"showFlares":true,"showImageEffects":true,"showParticleSystems":true,"showVisualEffectGraphs":true,"m_FxEnabled":true},"in2DMode":false,"pivot":{"x":18.732738494873048,"y":-0.8946181535720825,"z":17.912948608398439},"rotation":{"x":0.05331551283597946,"y":-0.33365103602409365,"z":0.018357396125793458,"w":0.941323459148407},"size":2.842313289642334,"orthographic":false}