{"cameraMode":{"drawMode":0,"name":"Shaded","section":"Shading Mode"},"sceneLighting":false,"audioPlay":false,"sceneViewState":{"m_AlwaysRefresh":false,"showFog":false,"showSkybox":false,"showFlares":true,"showImageEffects":true,"showParticleSystems":true,"showVisualEffectGraphs":true,"m_FxEnabled":true},"in2DMode":false,"pivot":{"x":83.12760925292969,"y":0.0000057220458984375,"z":87.94747924804688},"rotation":{"x":0.0018351267790421844,"y":0.9977631568908691,"z":-0.030842792242765428,"w":0.05933259427547455},"size":2.5518600940704347,"orthographic":false}